time,joint1_deg,joint2_deg,joint3_deg,ee_x,ee_y,ee_z
1754017741984.3977,-0.12016146252282271,-0.10544768104786666,0.2997187094764887,0.012543349374885937,0.2987277679556162,0.2987277679556162
1754017742004.7095,-0.1197757188241335,-0.10529747514933468,0.29921911620358543,0.012558219447927295,0.29873511700994926,0.29873511700994926
1754017742025.015,-0.12025448235576605,-0.10391441132121876,0.2976617749666843,0.012529452358784431,0.2987383286193549,0.2987383286193549
1754017742035.1675,-0.12091176001801493,-0.10316194764897464,0.2969383784762237,0.01249964112975333,0.2987373821516285,0.2987373821516285
1754017742055.6287,-0.12224514433069983,-0.10281533257107962,0.2952606434505936,0.012471064094136213,0.29876521950298607,0.29876521950298607
1754017742065.7847,-0.12281971107892159,-0.10371977315629893,0.2942123254618158,0.012489561093299597,0.2988063863049937,0.2988063863049937
1754017742086.0923,-0.12437236110736566,-0.1066229633847105,0.2919902753670619,0.012544771936418215,0.29891218783306484,0.29891218783306484
1754017742106.4026,-0.1256067365737121,-0.10793924989069995,0.2905181348872684,0.012561126757657328,0.29896821407301744,0.29896821407301744
1754017742126.7058,-0.1251521396581241,-0.10764884513286489,0.28975512743257953,0.012577569592809453,0.29897759931704304,0.29897759931704304
1754017742147.0105,-0.1241555976257799,-0.10606892042350471,0.290436671089112,0.01255809224614423,0.2989322351532586,0.2989322351532586
1754017742169.8582,-0.12458176458432374,-0.10481298135326834,0.29182497273279406,0.012494622558185536,0.29887839126349247,0.29887839126349247
1754017742190.1667,-0.12655593378927227,-0.10479526836888271,0.29274608459020307,0.012421180546208483,0.2988592020432821,0.2988592020432821
1754017742210.4749,-0.12815501084528058,-0.10478092085153032,0.2939216115286484,0.01235548679404174,0.29883474716616504,0.29883474716616504
1754017742230.7876,-0.1286706828614232,-0.10386490147735057,0.29604906042063556,0.012286061043949288,0.298771176417295,0.298771176417295
1754017742251.093,-0.1296585180834835,-0.10450332255629685,0.29613369353835906,0.012270919206854022,0.2987829996340831,0.2987829996340831
1754017742271.4023,-0.13066810412359164,-0.10544884262846015,0.29536599508182443,0.012275532134430394,0.2988189031880512,0.2988189031880512
1754017742291.7065,-0.13057829760504225,-0.1049533168366074,0.2958403265528881,0.012258427901454032,0.2987986398577248,0.2987986398577248
1754017742306.9446,-0.1289696645832622,-0.10367134300442774,0.2970607863263406,0.012257582976257128,0.2987457760307101,0.2987457760307101
1754017742327.2522,-0.1267823716812766,-0.10308514314292438,0.29773293933887834,0.012301890487865964,0.2987189064909534,0.2987189064909534
1754017742347.5593,-0.12480122492042897,-0.10271742100466089,0.2986051033759912,0.012343391850685571,0.29869234323063626,0.29869234323063626
1754017742367.8613,-0.12387135668824682,-0.10207446687965947,0.30039642277391093,0.01233281007352335,0.2986397173675275,0.2986397173675275
1754017742388.1677,-0.1240024635745231,-0.10110147509584615,0.30258193653112997,0.012274860026037821,0.2985703293608243,0.2985703293608243
1754017742408.4736,-0.12476024973981807,-0.09998015253012206,0.3041261888145069,0.012201001659674734,0.2985106309724252,0.2985106309724252
1754017742428.7817,-0.125374056533707,-0.09907188125188553,0.30517362069006876,0.012143496903651017,0.298466192456542,0.298466192456542
1754017742449.0881,-0.12575488475329075,-0.09845518123824085,0.30645146684321783,0.012097801970865215,0.29842292376983404,0.29842292376983404
1754017742469.3987,-0.12562120553398168,-0.09840785316975084,0.307260508367298,0.01209015347514338,0.29840344626937204,0.29840344626937204
1754017742489.7068,-0.1250707752891694,-0.09882171637683611,0.3067179585439595,0.012126451003826892,0.2984255243922035,0.2984255243922035
1754017742512.7808,-0.12440385175228554,-0.09950204476758313,0.3050128155712205,0.012188761326259226,0.29847980330801743,0.29847980330801743
1754017742533.0896,-0.12342149361023773,-0.10095750864921259,0.30320222342935804,0.012281902477533205,0.29855342808326285,0.29855342808326285
1754017742553.4026,-0.12218363343800712,-0.10304083227845677,0.3024023846813624,0.012384687256804406,0.29861771848376994,0.29861771848376994
1754017742573.7046,-0.12107624694338068,-0.10494252391725296,0.30238735410340317,0.012467409119699782,0.2986599020647064,0.2986599020647064
1754017742594.0134,-0.12119155484888997,-0.10475739817963803,0.30247688557224306,0.012458006198199567,0.298653931842581,0.298653931842581
1754017742614.322,-0.1223786939169356,-0.10306044994972037,0.3019956721050756,0.012384265626373217,0.2986269765476849,0.2986269765476849
1754017742629.5476,-0.12343336078882557,-0.10273311943468366,0.30043061712482344,0.012362989574423777,0.298653550629831,0.298653550629831
1754017742654.936,-0.12374077112276488,-0.10345567940783708,0.29928723021380294,0.012386623641422796,0.2986938997037133,0.2986938997037133
1754017742675.244,-0.12398977349325571,-0.1026605562140595,0.2994459533437347,0.01235650855686957,0.2986731114092458,0.2986731114092458
1754017742695.554,-0.12363296005271515,-0.10125490820804758,0.3005237772908555,0.012318107733722248,0.2986187011024098,0.2986187011024098
1754017742715.8633,-0.121784780367429,-0.10205602878732616,0.3000859343001944,0.012403393739699866,0.2986460114650266,0.2986460114650266
1754017742736.1716,-0.11942672572469666,-0.10391873361815605,0.2984656038619243,0.012545253150066465,0.2987214179410515,0.2987214179410515
1754017742756.481,-0.11774941203101608,-0.1050705253659476,0.2976051639268664,0.012636749653051588,0.2987642551739787,0.2987642551739787
1754017742776.7842,-0.1175077986604112,-0.10452788013224537,0.29885192677521577,0.01261550179454251,0.29872636750962145,0.29872636750962145
1754017742797.0913,-0.11840583149480433,-0.10331483930172182,0.3011274822982134,0.012528938373957209,0.2986513562324224,0.2986513562324224
1754017742817.4082,-0.12001753824500655,-0.1015349780934276,0.30317409474581497,0.012407469740323264,0.29856713103328947,0.29856713103328947
1754017742837.7053,-0.12118339437251081,-0.10012899043122736,0.3038373898445022,0.01232618845559065,0.29852046603394605,0.29852046603394605
1754017742858.011,-0.12080128760427357,-0.1009179359168207,0.30245354106468963,0.012376146369464505,0.29856899310084184,0.29856899310084184
1754017742875.7048,-0.1208524825007469,-0.10381797647296216,0.29971662445425246,0.012481532036983052,0.2986926247030394,0.2986926247030394
1754017742896.0115,-0.12255783092045819,-0.1067025080712077,0.29676517695489424,0.012538594448737101,0.29881613761118925,0.29881613761118925
1754017742916.32,-0.12468383695460859,-0.10903897866578659,0.2940580850764554,0.012569042047648806,0.2989192838395891,0.2989192838395891
1754017742946.7866,-0.12678081366658245,-0.11173834003534455,0.2909305390857391,0.012618836036563998,0.29903436910998527,0.29903436910998527
1754017742967.093,-0.12865132281126082,-0.11311800255673744,0.289445035332425,0.01262132192504346,0.29908932713360403,0.29908932713360403
1754017742987.4023,-0.12849091913653576,-0.11423552919906568,0.2886712036261845,0.01266599668355397,0.2991248981718799,0.2991248981718799
1754017743007.7063,-0.12672038266313376,-0.11341522981431171,0.2888015463750308,0.012693144403316254,0.29910721832341425,0.29910721832341425
1754017743028.0085,-0.1259843798204759,-0.11060879232157705,0.2896642704324975,0.012630163934198427,0.2990373724446537,0.2990373724446537
1754017743048.3186,-0.12636560189903984,-0.10712178079084776,0.29153834899089204,0.012503492396570932,0.2989314087871017,0.2989314087871017
1754017743068.634,-0.12667439178267662,-0.10440440120051121,0.29391520529107945,0.012391478863363618,0.29882698246708467,0.29882698246708467
1754017743088.9365,-0.1270408668718887,-0.10245322314796508,0.2955918436482638,0.012306638011341436,0.29875046319098275,0.29875046319098275
1754017743109.2454,-0.12777986177132242,-0.10280056441737825,0.29523221538180733,0.01229738016751212,0.29876549836626853,0.29876549836626853
1754017743129.5554,-0.12870424243356932,-0.10486690667150621,0.2937882458001281,0.012342669254726686,0.29883929339184584,0.29883929339184584
1754017743149.858,-0.1291155604479371,-0.10526734687487219,0.2943589371607407,0.012332618423425526,0.2988359044782855,0.2988359044782855
1754017743170.1653,-0.12900657796240309,-0.10343780847634199,0.2953297283477705,0.012274326342133032,0.29877710754651193,0.29877710754651193
1754017743190.4736,-0.12869722711053455,-0.10131328387620735,0.2949294964444196,0.012233765126851915,0.2987397137488811,0.2987397137488811
1754017743211.7043,-0.12800450284334916,-0.10016361761438734,0.29474091691868765,0.012228259595924574,0.2987185692559247,0.2987185692559247
1754017743232.0212,-0.12700124610975708,-0.0997916866344295,0.2963058728386204,0.012229186815973667,0.29867701239830036,0.29867701239830036
1754017743252.3298,-0.12608388840042783,-0.09925242309720986,0.29809331901169817,0.012220521683826504,0.29862646012133665,0.29862646012133665
1754017743272.6392,-0.12534082865587115,-0.09848242041122669,0.299970576745835,0.012199623054896256,0.29856805471099657,0.29856805471099657
1754017743292.9446,-0.12507638058483245,-0.09751361904257234,0.3012651416505154,0.012166189641245044,0.2985171613078562,0.2985171613078562
1754017743313.2593,-0.125304327724463,-0.09687168960003459,0.3013305789324349,0.012141374526455487,0.2985007610961901,0.2985007610961901
1754017743331.7039,-0.1258147597012694,-0.09827952224355457,0.2998918916549845,0.012179958055526607,0.29856513718849514,0.29856513718849514
1754017743352.0134,-0.1258791437520837,-0.10168086139761656,0.2977546953623765,0.012294071314130378,0.29868777613727926,0.29868777613727926
1754017743372.3228,-0.1246048446017276,-0.1049714448601778,0.2953907275574467,0.012450057876828815,0.29880836301704744,0.29880836301704744
1754017743392.6384,-0.12292107270252793,-0.10625642069282049,0.29468508778629565,0.012543783561403022,0.2988497670522337,0.2988497670522337
1754017743412.945,-0.12189464778622845,-0.10596445423391994,0.29570691728445525,0.012554542931406122,0.2988226371287872,0.2988226371287872
1754017743433.2524,-0.12083053303709328,-0.10620396028911804,0.2963989908619823,0.012584227817352644,0.2988133149583432,0.2988133149583432
1754017743453.5623,-0.12077145154621119,-0.10820675596407717,0.2949141450270462,0.012654757758211755,0.2988851220503524,0.2988851220503524
1754017743473.8596,-0.12284126169768311,-0.11025741945901085,0.2928751686188572,0.01267055726895819,0.2989672211011464,0.2989672211011464
1754017743494.167,-0.12658893196607532,-0.11191845688990718,0.29090717832426544,0.012629395515753322,0.2990382776729759,0.2990382776729759
1754017743514.4778,-0.12871697367243598,-0.11222859962990925,0.28964082628260324,0.012593332057264785,0.29906878985123697,0.29906878985123697
1754017743534.7903,-0.12877680690102017,-0.11112321842162443,0.28904450746280086,0.012570819933207201,0.299059308127958,0.299059308127958
1754017743555.1018,-0.1281969532854554,-0.10991846036642386,0.2885501885257624,0.012562931823388,0.2990457782359981,0.2990457782359981
1754017743575.414,-0.1282625061607929,-0.10960900478338197,0.2881723915727583,0.012558141911383774,0.2990471581843148,0.2990471581843148
1754017743595.708,-0.12764074334571185,-0.10912034631766424,0.289267661972642,0.012548479278354147,0.29901624389001286,0.29901624389001286
1754017743616.021,-0.12648552587808495,-0.10747503588230059,0.2918725363323235,0.01250444605883854,0.29893182004285646,0.29893182004285646
1754017743636.328,-0.1263526511852245,-0.10595193487489299,0.29405028872165667,0.012439487181002106,0.29885648523216574,0.29885648523216574
1754017743656.636,-0.12778091242576256,-0.1061938196083062,0.29452598915518474,0.012395536329208584,0.29885173677355803,0.29885173677355803
1754017743676.9397,-0.128134952574681,-0.10785344281961164,0.29362302750451075,0.012440578662182136,0.29890415573677903,0.29890415573677903
1754017743697.249,-0.12711854592048252,-0.10929293739815053,0.29247350292651936,0.012524358607952847,0.2989561539189486,0.2989561539189486
1754017743717.5571,-0.1273191830250851,-0.11057792772849394,0.2911129616844025,0.012570490385123355,0.29900837723994433,0.29900837723994433
1754017743737.8616,-0.12912230857668786,-0.11207096883863424,0.28958149694434376,0.012578310922097324,0.2990669491253969,0.2990669491253969
1754017743753.09,-0.12988470857268836,-0.1133874318874021,0.28823930426790956,0.012610066335303207,0.2991174381784571,0.2991174381784571
1754017743775.9346,-0.12952486818833195,-0.11341846937788015,0.2887907286847839,0.012613409744073866,0.2991074854975887,0.2991074854975887
1754017743796.246,-0.12900068691007066,-0.11232501236093463,0.29093248641223074,0.01256969854225603,0.29904555265207056,0.29904555265207056
1754017743816.5632,-0.12769179992033525,-0.11134411239982728,0.2925317018554804,0.012559984934319163,0.29899530009814757,0.29899530009814757
1754017743836.8691,-0.1267595922704625,-0.11041868373743077,0.29374796151352284,0.012546748367390708,0.2989529942898459,0.2989529942898459
1754017743857.1753,-0.1272378700788082,-0.10840768947058457,0.2965864454882954,0.012441385150148306,0.2988550591916476,0.2988550591916476
1754017743877.4841,-0.12904480956185693,-0.10532698750937118,0.30089714086159836,0.012245508098072436,0.2987001465146967,0.2987001465146967
1754017743897.782,-0.1309505806202983,-0.10226042025649927,0.30414018886800637,0.012058065984298458,0.29856227854691364,0.29856227854691364
1754017743918.1074,-0.13259897493275544,-0.09921720208955664,0.30429220598651996,0.011920294855759047,0.2984893041397329,0.2984893041397329
1754017743938.4158,-0.13427160464789795,-0.09699019481778684,0.30216650194580963,0.011834820352295118,0.2984848876810257,0.2984848876810257
1754017743958.7075,-0.13583587422740273,-0.09574561761976969,0.30082890523478406,0.011767922476377701,0.2984855533799347,0.2984855533799347
1754017743979.0176,-0.13654442722616345,-0.09449951064592202,0.3022090029725317,0.011689434515142864,0.29842496771675664,0.29842496771675664
1754017743999.3274,-0.1369089156449203,-0.09155046853295715,0.3048185736159125,0.011556659658554872,0.2982932958390151,0.2982932958390151
1754017744019.6367,-0.1382280777586167,-0.08735294865120696,0.3068080182140671,0.011363583807761311,0.2981400511547765,0.2981400511547765
1754017744039.935,-0.1412746388896376,-0.08204896199935918,0.3086454821985429,0.011075029050594485,0.297954795129596,0.297954795129596
1754017744060.2488,-0.14709338556959367,-0.07512283896119827,0.3109926806938561,0.01061698139622069,0.29770190240948124,0.29770190240948124
1754017744091.704,-0.1607638168974039,-0.062368631821061574,0.3139945665999245,0.009625403070089057,0.2972362129596,0.2972362129596
1754017744112.0156,-0.1726301925103594,-0.05341028501302323,0.3154158446029634,0.0087985674383902,0.29690347572035414,0.29690347572035414
1754017744132.3274,-0.1874081313427565,-0.042655432279741716,0.316137653451481,0.007743304983192983,0.29650790484424344,0.29650790484424344
1754017744152.633,-0.20372994939863734,-0.03054060952439474,0.31595387149488063,0.006517028000456988,0.29606311665330975,0.29606311665330975
1754017744172.9338,-0.22088343060506144,-0.019073506960559962,0.3144150228712158,0.005236376213845262,0.2956589541137382,0.2956589541137382
1754017744193.2407,-0.2412471041429906,-0.005084664875641787,0.3135188769690016,0.003587984664657016,0.29510209723095626,0.29510209723095626
1754017744213.5452,-0.26371070575053374,0.0120296836890686,0.3142959909570118,0.001518901709473098,0.2943050724695172,0.2943050724695172
1754017744233.856,-0.28825922152990313,0.03181849216848295,0.31521927130526173,-0.0009650464155093741,0.29330600009838576,0.29330600009838576
1754017744254.164,-0.314612873071918,0.053904512872707054,0.3146788493855124,-0.0038255859355865937,0.292156623565824,0.292156623565824
1754017744274.4653,-0.3422774227131695,0.07849387397635228,0.314275009709511,-0.007133435897826824,0.2907579458017218,0.2907579458017218
1754017744295.7031,-0.3723651566313584,0.10659843732511468,0.3152361785737816,-0.01112550800309713,0.2889524138000631,0.2889524138000631
1754017744316.017,-0.4045320250973327,0.13595571822128172,0.31533668377392937,-0.01559773064693296,0.28693962850404175,0.28693962850404175
1754017744336.323,-0.4367540185784851,0.16482830383708771,0.3137116883432719,-0.020238783404651926,0.284884857050766,0.284884857050766
1754017744356.6304,-0.46876468169830604,0.1951884818790861,0.31264405729040684,-0.025259654031646473,0.28252819624018666,0.28252819624018666
1754017744376.9382,-0.499708231542758,0.22647991042632848,0.31261552741947696,-0.030562141162110232,0.27986364607751424,0.27986364607751424
1754017744397.245,-0.5284958759876853,0.25526505950750183,0.3113832440731815,-0.03561240254510681,0.27732330321542975,0.27732330321542975
1754017744417.551,-0.5574687347645381,0.2826627207184844,0.3087916968498904,-0.0406553726527688,0.2748574700510182,0.2748574700510182
1754017744437.861,-0.5865218039801707,0.30885321694940376,0.3063761241950658,-0.045742448372796674,0.2723811396029044,0.2723811396029044
1754017744458.1636,-0.6177342387536083,0.3355653060402306,0.3045325172746432,-0.05124101132058599,0.26970011185727294,0.26970011185727294
1754017744478.4722,-0.6508121149123339,0.36278318515279123,0.3031409019060876,-0.057115317914849514,0.26681513018438013,0.26681513018438013
1754017744496.8572,-0.6843538010419464,0.38957775613086804,0.30202499415055617,-0.06311406807214212,0.26383855307916615,0.26383855307916615
1754017744527.3132,-0.736575185601836,0.429603103741117,0.3026215565757903,-0.07256314671891653,0.2590091414086668,0.2590091414086668
1754017744547.621,-0.7730205100723808,0.45449516494804054,0.30351414154976597,-0.07892267892662777,0.2558306583169273,0.2558306583169273
1754017744567.9346,-0.8110351585865611,0.47753752779143926,0.3034912896407836,-0.08519383431730274,0.252861591062788,0.252861591062788
1754017744588.2375,-0.8537883470233817,0.5016044290609929,0.3032693671205344,-0.09200624229434826,0.24968638883507427,0.24968638883507427
1754017744608.5422,-0.9012291463668446,0.5251684095723907,0.30286359601916213,-0.099119516772157,0.24650633481897732,0.24650633481897732
1754017744628.85,-0.949895458780083,0.5458141301412452,0.3021167957861051,-0.10584857940434858,0.24368398049737985,0.24368398049737985
1754017744649.1533,-0.9988330340223486,0.5647981585148283,0.3021673277912434,-0.11227123142715656,0.24097271163078865,0.24097271163078865
1754017744669.4612,-1.0471758451718622,0.5831264145962574,0.3025133774263655,-0.1183739169039609,0.23827947689665002,0.23827947689665002
1754017744689.7703,-1.0947460091975807,0.6002451967071982,0.30237555198986904,-0.12400447633606906,0.23575923186311915,0.23575923186311915
1754017744710.075,-1.142702620019182,0.6179432012566661,0.3034617868441505,-0.129550299406433,0.2330029067270667,0.2330029067270667
1754017744730.382,-1.1914725804643536,0.6350988783466625,0.3048501682610521,-0.13480571926459378,0.23025724860065688,0.23025724860065688
1754017744750.687,-1.240156680290433,0.6501254741459648,0.3043361567239563,-0.1393488898302781,0.22797208807859745,0.22797208807859745
1754017744771.0042,-1.2897835239812037,0.6651292101204996,0.30233771035911533,-0.14349661760793037,0.2257957764282345,0.2257957764282345
1754017744791.31,-1.336450621131454,0.6800906296926273,0.30117099652353513,-0.14720144035067984,0.22352411219346902,0.22352411219346902
1754017744806.5469,-1.3799291076563116,0.6916024809652438,0.30194366365249087,-0.15014157005541653,0.22160406154619572,0.22160406154619572
1754017744826.8577,-1.4232799160557397,0.7002606820543924,0.30461494945967793,-0.15251741227091264,0.21995423842870904,0.21995423842870904
1754017744847.1582,-1.464304919259364,0.7078569235730646,0.30761494224539027,-0.1544213386814828,0.2184350951884279,0.2184350951884279
1754017744867.4841,-1.5048306481276357,0.7132958808728278,0.30905047541794706,-0.1556701197142153,0.21740788776097503,0.21740788776097503
1754017744887.7834,-1.543334626344091,0.7163686394022948,0.30883457274189813,-0.1562420030117967,0.2169220545259169,0.2169220545259169
1754017744908.0837,-1.5812016419703847,0.7193335726980706,0.3086822929602955,-0.15654664192218984,0.21644696360859217,0.21644696360859217
1754017744928.3855,-1.6196929996766174,0.7238890636309055,0.3101749454359864,-0.15687647229385218,0.21555193646282836,0.21555193646282836
1754017744948.6895,-1.6589576916195727,0.7279836103403734,0.3115535043362738,-0.15686237785472423,0.21474106013565708,0.21474106013565708
1754017744969.017,-1.6997447199769642,0.7298245966256288,0.3108394247797458,-0.15614688914676916,0.2145021670271071,0.2145021670271071
1754017744989.3174,-1.7402405866166402,0.7281266029744053,0.3090970489601101,-0.1546705654633403,0.21494998772474544,0.21494998772474544
1754017745019.7776,-1.8001253785665132,0.7212371682534429,0.3093512710666495,-0.15160865061478523,0.21606910985758288,0.21606910985758288
1754017745040.078,-1.8410384300547784,0.7138999029954219,0.3106829156231376,-0.1489248499466929,0.21715518307911275,0.21715518307911275
1754017745060.3887,-1.8837191350045088,0.7019829321057354,0.3106766811860346,-0.14525533215652617,0.21910963588053287,0.21910963588053287
1754017745080.6907,-1.9248762150579823,0.6868799984299977,0.30884091902622013,-0.14091620295963347,0.22172982932827456,0.22172982932827456
1754017745100.9958,-1.9643337378116226,0.6716597291373055,0.3065177003948797,-0.13639791423043857,0.22438055371323726,0.22438055371323726
1754017745121.327,-2.0045322853114844,0.6561421184679441,0.30387874687259275,-0.1315533892586008,0.2270715505493151,0.2270715505493151
1754017745144.0273,-2.043946434982537,0.6412166593355692,0.3015490827385655,-0.1266493568819032,0.22960583649807587,0.22960583649807587
1754017745164.3308,-2.0839934950020367,0.6273420416124421,0.3006339143878765,-0.12171559702485324,0.23182031584642268,0.23182031584642268
1754017745184.6375,-2.1260192889754537,0.6132357079630911,0.2988868663469497,-0.11635790262577454,0.23411386749231383,0.23411386749231383
1754017745204.9375,-2.1681003321814414,0.5987750848030814,0.2952229195270926,-0.11066831301029609,0.2365931212932656,0.2365931212932656
1754017745225.2397,-2.209400004753202,0.585633983382751,0.29175789211107334,-0.10506343451596674,0.23882465455746865,0.23882465455746865
1754017745245.5452,-2.246517930965516,0.5731332955733436,0.2896857649490018,-0.09989083587144752,0.2408153620092406,0.2408153620092406
1754017745265.8503,-2.2797017727943865,0.5599613455715156,0.2872388948238242,-0.09492920496842203,0.24290553859862518,0.24290553859862518
1754017745286.1548,-2.311979569828608,0.5479830691310391,0.2847370981444982,-0.09013481972500506,0.24480196033560694,0.24480196033560694
1754017745306.4634,-2.342546086198046,0.5389470636559236,0.2834677892651454,-0.0858627981805421,0.24616526646311115,0.24616526646311115
1754017745326.7773,-2.3683521620084873,0.5310448005846184,0.2829707816438001,-0.08222182389979979,0.24729686305452978,0.24729686305452978
1754017745347.0825,-2.390604804703154,0.5232873706691746,0.28288462487446914,-0.078978261614119,0.2483659618858081,0.2483659618858081
1754017745367.39,-2.4107471114449206,0.5158614551090872,0.28236281017137005,-0.07596455478284923,0.2494151817056504,0.2494151817056504
1754017745387.7026,-2.4296920093120886,0.5082756671786215,0.2802224349260841,-0.07297755570576239,0.25060294536323996,0.25060294536323996
1754017745408.009,-2.4497381300365335,0.5008816818768118,0.27709874573858395,-0.0698363475155652,0.25182933345468506,0.25182933345468506
1754017745428.3142,-2.470245726726547,0.49398815589722167,0.2745911588827059,-0.06672339385735188,0.25293008740261336,0.25293008740261336
1754017745458.7812,-2.495493228532279,0.4840270158944121,0.27248443897655117,-0.06279573608784118,0.2543872716242911,0.2543872716242911
1754017745479.0876,-2.507167730167941,0.4785508806255746,0.2727972896012056,-0.0609607543384644,0.2550697233098816,0.2550697233098816
1754017745499.39,-2.51706622657,0.4721517156493228,0.2733558173181358,-0.059255281524227085,0.25584704613508175,0.25584704613508175
1754017745519.7012,-2.525188728410787,0.46355310000499694,0.2728250644779776,-0.057498823940717966,0.25697664093344885,0.25697664093344885
1754017745540.0122,-2.531767954901824,0.45289922995955967,0.27144589646557343,-0.0556910756157914,0.25841104578474205,0.25841104578474205
1754017745555.2742,-2.537097128359564,0.4423179997864346,0.27044177730551133,-0.05405407818451921,0.25978839558290245,0.25978839558290245
1754017745575.606,-2.5414137588603336,0.4311649093847298,0.27005786711980495,-0.05250908209946008,0.26117029703592304,0.26117029703592304
1754017745595.945,-2.546259950854166,0.4181444154814982,0.2688654458154979,-0.05069506285161311,0.26280826715665806,0.26280826715665806
1754017745618.7026,-2.551488545543992,0.40361132474202993,0.2658315577402792,-0.04861287644737482,0.2647157648166395,0.2647157648166395
1754017745639.0046,-2.5552582861088866,0.3856515357132626,0.2603907254477416,-0.046243377915846325,0.26712366515037983,0.26712366515037983
1754017745659.3098,-2.5578928969459724,0.36278602605125165,0.2513164650823956,-0.04332722586636391,0.2702160146100929,0.2702160146100929
1754017745679.6106,-2.561376653012221,0.33821977736129694,0.23969465223302305,-0.040006783972132004,0.2734985103169273,0.2734985103169273
1754017745699.9185,-2.565164244278652,0.3132755277212137,0.22645004889853146,-0.03651196860997178,0.27673585300792075,0.27673585300792075
1754017745720.2222,-2.5673246219934245,0.2903098919686825,0.21341657882589435,-0.033345339701695245,0.27959086267039834,0.27959086267039834
1754017745740.5227,-2.5669801328399973,0.26675733858529377,0.19804537284968693,-0.03017015549713118,0.28243926827261834,0.28243926827261834
1754017745760.7837,-2.5625704840626677,0.2430268812252277,0.17943581832476305,-0.027053869368513762,0.2852491791317964,0.2852491791317964
1754017745781.0852,-2.555252028425416,0.2207588178873659,0.15919766245924905,-0.02410373151841996,0.28778940965015903,0.28778940965015903
1754017745801.3872,-2.54615921564896,0.1985566963232567,0.13586613070708867,-0.020965788725423408,0.2902073933598327,0.2902073933598327
1754017745821.6948,-2.5331857126369544,0.17878798203042506,0.11093301992662674,-0.0180773942601802,0.2922722902424454,0.2922722902424454
1754017745842.0051,-2.51581221347272,0.16335842208969314,0.08654464309200002,-0.01577408316845428,0.29384760082736344,0.29384760082736344
1754017745862.3132,-2.495409951729123,0.15038447965079277,0.060371264232790475,-0.013598137376531632,0.2951560783552619,0.2951560783552619
1754017745882.616,-2.4727289252214426,0.13841188969804274,0.033034551058631956,-0.011353786688441763,0.29626347422658666,0.29626347422658666
1754017745902.9207,-2.4471432661753116,0.12838089261547994,0.0074790041020091624,-0.009369722480218692,0.29709176573146046,0.29709176573146046
1754017745923.2305,-2.4182041993352263,0.11923238737175289,-0.017605657816282785,-0.007431816064785643,0.2977385136086839,0.2977385136086839
1754017745943.5322,-2.389271585815148,0.11094150018355499,-0.04158565850162118,-0.005464232063277258,0.2982165746341051,0.2982165746341051
1754017745963.8408,-2.359145740064573,0.10571337808270077,-0.06268196162052687,-0.003983481389163948,0.2984857845347616,0.2984857845347616
1754017745984.147,-2.3256215507828504,0.10328739495125752,-0.08193970020255717,-0.0029811244046011286,0.2986104656708377,0.2986104656708377
1754017746004.452,-2.291287836474785,0.10163174789127838,-0.09968560012372134,-0.0020942752730350803,0.29866738126193243,0.29866738126193243
1754017746024.7605,-2.2549137790221327,0.09983847483013311,-0.1161843093435869,-0.0012042279350894611,0.29868751809794813,0.29868751809794813
1754017746045.069,-2.2164332580168473,0.09724352632202733,-0.13139027677043746,-0.00020822415308649998,0.2986882600795582,0.2986882600795582
1754017746065.379,-2.177980195257576,0.09436811983923689,-0.1451988018619917,0.0008390031775794456,0.29866537098665197,0.29866537098665197
1754017746085.6858,-2.138827970920086,0.0922770400316304,-0.15733296539802666,0.0017044479478922226,0.2986141610217287,0.2986141610217287
1754017746105.999,-2.1010060168247393,0.09459355600966524,-0.1668339177652578,0.0016607175337604056,0.2985146689731597,0.2985146689731597
1754017746123.7031,-2.067112286070452,0.10075392393404134,-0.17410026284877111,0.0008074079783265834,0.29838418684388873,0.29838418684388873
1754017746154.1519,-2.0177978547909508,0.11415108537016302,-0.18711562308129412,-0.0009950476966425039,0.29811056009208925,0.29811056009208925
1754017746174.457,-1.9867516962449387,0.12508020287517152,-0.19798690153378665,-0.0023282132347303896,0.2978727601599576,0.2978727601599576
1754017746194.7622,-1.9601847733643807,0.13896647628327571,-0.20749328004621406,-0.004303889690125324,0.2975881877366461,0.2975881877366461
1754017746215.065,-1.9353378047239924,0.1584253385429952,-0.21476402030733638,-0.007559355630377694,0.2971954221270083,0.2971954221270083
1754017746235.367,-1.9092078274984172,0.18179109919171604,-0.22055161368185872,-0.011763422462598455,0.2966688798418279,0.2966688798418279
1754017746255.6724,-1.8844471676865935,0.2043706567741953,-0.22556728441217902,-0.01591462460562204,0.296081191799495,0.296081191799495
1754017746275.9338,-1.8624362644767825,0.22812218564326764,-0.22961867701073993,-0.02037895771288964,0.29537620866169084,0.29537620866169084
1754017746296.2385,-1.844840143443768,0.25352510961266894,-0.2323578717516451,-0.025252231646860676,0.29451460738022534,0.29451460738022534
1754017746316.5503,-1.83147158556137,0.2822886588826937,-0.23383077375387568,-0.03084904825209018,0.29339209150575596,0.29339209150575596
1754017746336.8584,-1.8211899235089193,0.3128699167610992,-0.2342666779447813,-0.036848183848493234,0.2920182777359928,0.2920182777359928
1754017746357.1628,-1.8125127113960355,0.34340032217418903,-0.23465366241841043,-0.042795111703909525,0.29046456298036427,0.29046456298036427
1754017746377.4634,-1.804716224713722,0.3748653348085334,-0.23679783210781097,-0.04868731253412807,0.2887010655526404,0.2887010655526404
1754017746397.771,-1.7969466294577199,0.4071825790694757,-0.23871542064420181,-0.05472417250541388,0.2866989541378399,0.2866989541378399
1754017746418.0752,-1.7893384425971888,0.4382980353725047,-0.2387656751898747,-0.06068252292220003,0.28455479614911844,0.28455479614911844
1754017746438.3796,-1.7826405769362133,0.46752374557232695,-0.23905499661783725,-0.0661959873384534,0.28237932947364464,0.28237932947364464
1754017746458.6848,-1.7756328738956817,0.49496886201292534,-0.24143647864420653,-0.07112134351477847,0.2802499993762773,0.2802499993762773
1754017746478.9968,-1.7675248090084057,0.5217570956719496,-0.24353498948054358,-0.07593381751566905,0.2780425292487836,0.2780425292487836
1754017746499.3054,-1.7594446577646505,0.5498577499646659,-0.24394650425614472,-0.08110407412298767,0.2755384559739058,0.2755384559739058
1754017746519.614,-1.7532255300509145,0.5776410681986406,-0.2428785452925646,-0.08626656853569488,0.27287117925929644,0.27287117925929644
1754017746539.9202,-1.747850606280736,0.6047270452546454,-0.24127895348716064,-0.0912745260462185,0.2701102505042259,0.2701102505042259
1754017746560.227,-1.7430547679497197,0.6313195757895302,-0.240209297984754,-0.0960609331455233,0.26728613377874355,0.26728613377874355
1754017746580.5325,-1.7389490638630105,0.6557869186772685,-0.2403260373186761,-0.10028516103200569,0.2646232158680478,0.2646232158680478
1754017746600.8484,-1.7351812934756043,0.6793182577342153,-0.2419122876549584,-0.10414057460601167,0.2620351566454837,0.2620351566454837
1754017746621.1497,-1.732024679706685,0.7041977287627869,-0.24307284280436323,-0.1081861324631869,0.2591803784898183,0.2591803784898183
1754017746643.8555,-1.7299216081593791,0.7300144870501297,-0.243041032877508,-0.11240377555532446,0.25605252829231073,0.25605252829231073
1754017746664.1653,-1.7289860650769393,0.7575424457908924,-0.24249543495882314,-0.11683038393145295,0.2525707349237063,0.2525707349237063
1754017746684.472,-1.7283329949352824,0.7862184774554711,-0.24248292697863236,-0.12127973524903268,0.24884469590339003,0.24884469590339003
1754017746704.7754,-1.727582933081954,0.814872450414526,-0.24246149482167928,-0.12562260859129515,0.24499392824144584,0.24499392824144584
1754017746725.0852,-1.7270917382642248,0.84436535381854,-0.24201470844060335,-0.13000853048416003,0.2408746204968838,0.2408746204968838
1754017746740.3132,-1.7281483115051928,0.8749780898533606,-0.24056794494407358,-0.13447544395402278,0.23639750399743514,0.23639750399743514
1754017746760.6418,-1.730435305817012,0.9047009945210581,-0.2384355076070098,-0.13870321755575638,0.23186590577956923,0.23186590577956923
1754017746780.9314,-1.7319154343024934,0.9331557370614426,-0.23738627494389966,-0.14255429203485598,0.2274729767280267,0.2274729767280267
1754017746801.2327,-1.731927514484377,0.9589648720632179,-0.2384801156825266,-0.14580834643782825,0.22353915094363175,0.22353915094363175
1754017746821.5393,-1.7328448706427402,0.9848206598384941,-0.24149065696453703,-0.14878830486214736,0.21965901408412444,0.21965901408412444
1754017746841.8396,-1.735100547816076,1.0104524369725072,-0.24467504114086816,-0.15159033620995238,0.21575667934348672,0.21575667934348672
1754017746862.1438,-1.7347983446390445,1.036140764930551,-0.24702837846372583,-0.15444669487807944,0.21171245506005076,0.21171245506005076
1754017746882.4448,-1.7335878112128793,1.0661945889547455,-0.24883287545825386,-0.15776077348982215,0.20681803720486358,0.20681803720486358
1754017746902.7056,-1.7340733557093608,1.0994750655160321,-0.2506222381207787,-0.16122127248623036,0.2012716727417696,0.2012716727417696
1754017746923.009,-1.7356534706428666,1.1359522292688253,-0.2523880412813826,-0.1647858421191858,0.19504967020278485,0.19504967020278485
1754017746943.3118,-1.7364912136618345,1.172091316492257,-0.25381834184147173,-0.16814311489576106,0.18873380114080818,0.18873380114080818
1754017746963.6145,-1.7363669340512813,1.2055051674593324,-0.2546378645051882,-0.1711109577220614,0.1827452421698913,0.1827452421698913
1754017746983.9177,-1.7336133671037015,1.2359261788953617,-0.2540133988609667,-0.1738168364147119,0.17708470300908682,0.17708470300908682
1754017747004.223,-1.728730077413131,1.2622688941792402,-0.2512361423964439,-0.17623585540435735,0.17191074589229133,0.17191074589229133
1754017747024.5261,-1.7240299389495841,1.284498991472133,-0.24761918080735895,-0.17825510113030132,0.16737495689184573,0.16737495689184573
1754017747044.8347,-1.7197806767169397,1.3032907684427741,-0.24459903637621197,-0.17988284235648389,0.16350839658436184,0.16350839658436184
1754017747065.1648,-1.712522321010803,1.3179290091525315,-0.243339292151828,-0.18116431039254507,0.1605805500870042,0.1605805500870042
1754017747085.4612,-1.7021168323619937,1.3285364870493026,-0.2429517381379943,-0.1821872770992074,0.15849982995793765,0.15849982995793765
1754017747105.767,-1.6890807173311935,1.3361289464831816,-0.24393739908161935,-0.1829832972997658,0.15712912935715537,0.15712912935715537
1754017747126.0703,-1.6748911793120969,1.3422788386246232,-0.24591105651780218,-0.1836265321724258,0.15613171925952313,0.15613171925952313
1754017747148.9265,-1.6550200731070557,1.347260251259191,-0.24802955091904239,-0.18426310735292928,0.15537378173516075,0.15537378173516075
1754017747169.2288,-1.6288132029477518,1.352675592265223,-0.24931610505010304,-0.184981278163093,0.1544492822190761,0.1544492822190761
1754017747189.5332,-1.6007672185075916,1.3585138150851768,-0.25104755616917224,-0.18557554483088903,0.15348517862711852,0.15348517862711852
1754017747209.84,-1.570696317195992,1.363218975624994,-0.25545601591322564,-0.18581283370664534,0.15300399439016743,0.15300399439016743
1754017747230.1443,-1.5395553741075114,1.3646382612555352,-0.2643268933222169,-0.18544467948246104,0.15359936953301573,0.15359936953301573
1754017747250.4575,-1.5085599881459146,1.3630389890443828,-0.2754562458799849,-0.18457797852208074,0.15499658609401765,0.15499658609401765
1754017747270.768,-1.4749830608806758,1.356674190407784,-0.2875448099473755,-0.18311224579597987,0.15739599676220942,0.15739599676220942
1754017747291.0747,-1.4402459274272164,1.3467587146430635,-0.301472600479422,-0.18102896589663725,0.16063109617509505,0.16063109617509505
1754017747311.3853,-1.407826974898355,1.3361448853121667,-0.3180428351336889,-0.1785250673757693,0.16421356601865256,0.16421356601865256
1754017747341.8445,-1.3612950529060155,1.3180099870636128,-0.34715306740710417,-0.1739274680014855,0.17030396219569405,0.17030396219569405
1754017747362.15,-1.3292858139895096,1.3061230317230692,-0.3665707202036064,-0.170506999994306,0.174248820243792,0.174248820243792
1754017747382.465,-1.2966795371961746,1.2963755981755025,-0.3852371991483897,-0.16702038780744904,0.17767331124641406,0.17767331124641406
1754017747397.7068,-1.2624959200580255,1.2880279780594113,-0.404945128451065,-0.16325585204461746,0.18087827855642907,0.18087827855642907
1754017747418.0085,-1.227895686338227,1.2780534132787513,-0.42817489678428333,-0.15884814067913416,0.18460771275544666,0.18460771275544666
1754017747438.3066,-1.194610238212514,1.2662493245163653,-0.45328549513436817,-0.15398673669301977,0.18872536427601455,0.18872536427601455
1754017747458.6074,-1.162029065039265,1.2529871212731263,-0.47970485263114315,-0.14871648834974188,0.19308779115209695,0.19308779115209695
1754017747478.914,-1.1319614878113984,1.2410071395401432,-0.5049241664370321,-0.1436224863420456,0.1970189584757573,0.1970189584757573
1754017747499.217,-1.1031154363150275,1.2307559556164835,-0.5319740167169374,-0.1384809304018457,0.20067897604489054,0.20067897604489054
1754017747519.5193,-1.0758522326068467,1.2197988028438094,-0.5628684463774877,-0.1329619003012498,0.20459194443872308,0.20459194443872308
1754017747539.7786,-1.0510346884417625,1.206722818920984,-0.5960633354404666,-0.12712524838103229,0.208826865440144,0.208826865440144
1754017747560.0862,-1.0293035036995162,1.1922280810708539,-0.6326471901742134,-0.12101487459089788,0.21327817677813388,0.21327817677813388
1754017747580.388,-1.0110263834141922,1.1750966560180207,-0.6708121357224345,-0.11468129300483881,0.21794982410760655,0.21794982410760655
1754017747600.6863,-0.9949885499783371,1.154889416529355,-0.7077038082127127,-0.1082081964229044,0.22268790937274446,0.22268790937274446
1754017747621.0234,-0.9800198650763675,1.1332855647875528,-0.7434398219030739,-0.10167680175970867,0.22722837518333283,0.22722837518333283
1754017747641.3235,-0.9665687800742565,1.1110859558684811,-0.7783414582024888,-0.09519637957009718,0.23146519962634454,0.23146519962634454
1754017747663.703,-0.9553592419571877,1.0879158847767412,-0.8111885642694171,-0.08889371630892912,0.23540144487741388,0.23540144487741388
1754017747684.007,-0.9452672251162051,1.060306447868124,-0.8442474158857868,-0.08208659375465577,0.23949204532138396,0.23949204532138396
1754017747714.4587,-0.9325511302590641,1.0136879375771803,-0.8923210845059876,-0.0714550688735507,0.2453334259696251,0.2453334259696251
1754017747734.7659,-0.9274907863415228,0.9810347554106238,-0.9210846391879568,-0.06461675298715794,0.2487584355767728,0.2487584355767728
1754017747755.0703,-0.9242529368659648,0.9454702991714333,-0.9452193697622426,-0.05787315375199563,0.25196648381176334,0.25196648381176334
1754017747775.3743,-0.9205132680694864,0.9047036175841372,-0.9653222354843418,-0.05073825999800145,0.2551412640931603,0.2551412640931603
1754017747795.6836,-0.9169605375687407,0.861151130125598,-0.9832441572040281,-0.04338889425411496,0.25803829107486387,0.25803829107486387
1754017747815.9963,-0.9151998365844132,0.812736046005533,-1.000427877344626,-0.035490471036144236,0.2607097267175353,0.2607097267175353
1754017747836.3047,-0.9152048387737431,0.7608939573930574,-1.0160643959942859,-0.027270251205720075,0.26298035869345626,0.26298035869345626
1754017747856.6055,-0.9150692642069408,0.7095484874892192,-1.0286847733285163,-0.019306262277621576,0.2646862285411825,0.2646862285411825
1754017747876.914,-0.9141915039369533,0.6577484807429433,-1.037189573633467,-0.011565028752972863,0.26597142697114606,0.26597142697114606
1754017747897.2136,-0.9123635073969872,0.6043903019370243,-1.042688476641659,-0.003820015797715355,0.26686476964164974,0.26686476964164974
1754017747917.5186,-0.9098938102901512,0.5525426972790305,-1.0471651894642915,0.0036382842829353126,0.26724857976006855,0.26724857976006855
1754017747937.7847,-0.9072417660462028,0.49831296611253173,-1.0517631864484969,0.011396917581271877,0.2671072448177671,0.2671072448177671
1754017747958.0852,-0.9053263207755371,0.44367690891224787,-1.0560073958836351,0.01912590636517309,0.26642624643971086,0.26642624643971086
1754017747978.3865,-0.9046591102606418,0.38642693296744196,-1.058789765332183,0.027042502000025483,0.26522915308038353,0.26522915308038353
1754017747998.6912,-0.9056778305420248,0.32578638581709557,-1.0604106457775893,0.03527833298914064,0.2634175461525763,0.2634175461525763
1754017748013.9253,-0.9075967336345282,0.26476757045262644,-1.0622772928952962,0.043504518099492115,0.2609318771031016,0.2609318771031016
1754017748044.4312,-0.9094375389120565,0.1753298202169149,-1.058362830118293,0.05494447176224269,0.25670571361034467,0.25670571361034467
1754017748064.7727,-0.907942654837836,0.11605141509489451,-1.048594624860836,0.06190407097337369,0.2538487716556679,0.2538487716556679
1754017748085.075,-0.905451890619588,0.05568373583080721,-1.0358569826919262,0.06868504419314339,0.250689791900076,0.250689791900076
1754017748107.9326,-0.9047840928910162,-0.00756545081336597,-1.0193467127719176,0.07558612154134271,0.2471571789643076,0.2471571789643076
1754017748128.2366,-0.9052089255836434,-0.07131606272081464,-0.9964356092459558,0.08220052517142332,0.2436876089973679,0.2436876089973679
1754017748148.5405,-0.9039706082095298,-0.13312853457349688,-0.9687466554471192,0.08820012469202701,0.24040285878763218,0.24040285878763218
1754017748168.8474,-0.9013385971679698,-0.19554880788942025,-0.9365322027333395,0.09390646745186948,0.2370770870635251,0.2370770870635251
1754017748189.1475,-0.8995440985463584,-0.2596632975800105,-0.901782165198308,0.09964546028689743,0.23339444436034876,0.23339444436034876
1754017748209.4492,-0.8982999941730924,-0.3222941092126356,-0.865215618511032,0.10507726681211464,0.22964939416848298,0.22964939416848298
1754017748229.7058,-0.8967337642701088,-0.38321144281488345,-0.8236405825018996,0.11002845851087238,0.22624354737549507,0.22624354737549507
1754017748250.006,-0.8949182482164004,-0.44121766277442154,-0.7768899015352094,0.11439697045963416,0.22340683363394917,0.22340683363394917
1754017748270.3076,-0.8936803907798293,-0.49470008574793534,-0.7306480364402838,0.11827669970096791,0.22083991240719747,0.22083991240719747
1754017748290.6108,-0.8930035210499122,-0.5478859252876402,-0.6845131934905274,0.12208603753730636,0.2180471485041413,0.2180471485041413
1754017748310.9167,-0.8921061907182806,-0.5994868353904464,-0.6401827438141334,0.12567794263396176,0.21505495332759014,0.21505495332759014
1754017748331.2192,-0.8900529029181433,-0.6501133519258544,-0.5936072253856474,0.12890838465630233,0.2122184222578292,0.2122184222578292
1754017748351.518,-0.8853761379582551,-0.6994627108125896,-0.5434389924671984,0.13156436734220178,0.20974582172587475,0.20974582172587475
1754017748371.781,-0.8790630486895273,-0.7491103688872409,-0.49172804466470066,0.13391550969040636,0.20719033845968143,0.20719033845968143
1754017748392.0872,-0.8723204724133296,-0.8024625412063566,-0.4363039467324453,0.13628868425425575,0.20421647795849263,0.20421647795849263
1754017748412.391,-0.8661841249855051,-0.8534722825579516,-0.37669692512323966,0.13824447552353297,0.20186237184601885,0.20186237184601885
1754017748432.7014,-0.8599803175642246,-0.8974557668194255,-0.3160861815583929,0.13943459585422296,0.2006332306113359,0.2006332306113359
1754017748453.007,-0.8529771937340606,-0.9372711792760059,-0.2537922698485904,0.14000898684861035,0.2001578959612212,0.2001578959612212
1754017748473.3103,-0.8466530738442164,-0.9764593471425134,-0.190892138372275,0.14044442674675978,0.1997296976246601,0.1997296976246601
1754017748493.6108,-0.8421006776224276,-1.0124381532078617,-0.1310154844076252,0.14078619366641248,0.19944396699113418,0.19944396699113418
1754017748524.0698,-0.8377705949042358,-1.0573317671095939,-0.043389231885364365,0.14071959048032895,0.20021379782315218,0.20021379782315218
1754017748544.3777,-0.8358948895905067,-1.079932108734036,0.01462297413835648,0.14008215988161238,0.20186740597772176,0.20186740597772176
1754017748564.6802,-0.8345850077966254,-1.0979051862289986,0.07084552719736482,0.13908963093770646,0.20406802060552107,0.20406802060552107
1754017748584.9863,-0.8329654981829435,-1.1125823787216451,0.12779949510367128,0.1376364532830418,0.20680694801069305,0.20680694801069305
1754017748605.2905,-0.8304319649194649,-1.1252682027762593,0.18483737785135557,0.13577808166312655,0.2097744051171057,0.2097744051171057
1754017748626.782,-0.8280772792390351,-1.1346750222918902,0.23952488331887173,0.13363981935959363,0.21295721190092087,0.21295721190092087
1754017748647.0864,-0.8271706392756969,-1.1372013580096407,0.29503205020209605,0.1308658688996797,0.21719960579049308,0.21719960579049308
1754017748667.392,-0.8277627111369087,-1.1307154098932009,0.3503442901641562,0.12724566476017593,0.2226668954880505,0.2226668954880505
1754017748682.6448,-0.8285564486098491,-1.1201068044411746,0.4004133274707372,0.12333435262144482,0.22809053544747865,0.22809053544747865
1754017748702.9573,-0.8281870849967743,-1.106789545072476,0.4477609641811811,0.11899904790599006,0.23342335505347472,0.23342335505347472
1754017748723.257,-0.8270268713725332,-1.0914805755582087,0.4928251615577641,0.11434227136762784,0.23856920445115468,0.23856920445115468
1754017748743.559,-0.8268783142644686,-1.0688225342387943,0.5377348770236985,0.10880466594687527,0.24435836751473938,0.24435836751473938
1754017748763.8582,-0.8285265833156239,-1.036011054580252,0.5787337299875019,0.10231347273968575,0.25077960853511433,0.25077960853511433
1754017748784.1636,-0.8298151391336729,-0.9985214815744775,0.6141803381018904,0.09537535362703875,0.2569169726664503,0.2569169726664503
1754017748804.4675,-0.8290902690376052,-0.9579685512599786,0.6462144944161115,0.0879289488178242,0.26263758201324805,0.26263758201324805
1754017748824.7793,-0.827199945084968,-0.9177426949581674,0.6756201730881788,0.08045181606877655,0.2676015477565728,0.2676015477565728
1754017748855.233,-0.8277433918197158,-0.848268235497888,0.7137246107958001,0.06840020550474393,0.2745161095715637,0.2745161095715637
1754017748877.8555,-0.8302046805164909,-0.7949705184987115,0.734857546634132,0.0596366345281395,0.278684709690307,0.278684709690307
1754017748898.1606,-0.8326404744380506,-0.7381143997307867,0.7529583849540525,0.05042808577351039,0.28223539204236875,0.28223539204236875
1754017748918.4688,-0.8348345425530996,-0.6796254726083081,0.7684563152750791,0.04102314370537509,0.2850110668734798,0.2850110668734798
1754017748938.776,-0.8370538878034615,-0.6188024730839622,0.7802411917112106,0.031452775312824394,0.28704422630248677,0.28704422630248677
1754017748959.0833,-0.8406434288216355,-0.5575763714356899,0.7887246764826161,0.021996458607043533,0.288283861925898,0.288283861925898
1754017748979.385,-0.8458896982440287,-0.49757075344948687,0.7962743407273659,0.01270022937807068,0.2887025362884853,0.2887025362884853
1754017748999.6897,-0.8532109559596773,-0.43628083254457645,0.8038812602414185,0.0031158126387336154,0.28830715072088464,0.28830715072088464
1754017749020.0002,-0.8622594963062492,-0.37411722588593055,0.810901717715689,-0.006651960459327824,0.2870901735785547,0.2870901735785547
1754017749040.3066,-0.8728234908673352,-0.3137092280065054,0.8163396730238804,-0.01613885290238755,0.285179011823021,0.285179011823021
1754017749060.6184,-0.8866628563311844,-0.2528787775514825,0.8190267114877398,-0.025636994990290395,0.28264846018487977,0.28264846018487977
1754017749080.9258,-0.902899290602646,-0.19434793433256223,0.8197115211676609,-0.034806934988658556,0.27964858081626964,0.27964858081626964
1754017749101.2317,-0.9209726308531538,-0.13753697330881276,0.8207182447283378,-0.04388214592754653,0.2760987788651865,0.2760987788651865
1754017749121.5342,-0.9422908297270304,-0.07762092738187537,0.8214093831895023,-0.053572273735752074,0.2717363016537329,0.2717363016537329
1754017749141.8457,-0.9653181573464517,-0.017224657924885554,0.8208843388151874,-0.06335127968709349,0.2667840674959758,0.2667840674959758
1754017749162.1494,-0.9914403019167184,0.04492908939130595,0.819509794660116,-0.07347099488302614,0.26110574833955635,0.26110574833955635
1754017749182.4536,-1.018475180833682,0.1066499981145114,0.8183964138945082,-0.08352560719116703,0.25481900042294203,0.25481900042294203
1754017749202.7627,-1.0441317084123838,0.1659259124750049,0.8181726170542775,-0.09307909471088335,0.2481363367250656,0.2481363367250656
1754017749223.0667,-1.07075453098114,0.22607737472314707,0.820567899617354,-0.10273913601804259,0.24055459979953034,0.24055459979953034
1754017749253.5261,-1.1149304507841356,0.3175417890207634,0.8235275570730285,-0.11706701512564002,0.22805922326267394,0.22805922326267394
1754017749273.785,-1.1439374663820205,0.3748281740616726,0.8229390804507992,-0.12560121906402955,0.21989322852158222,0.21989322852158222
1754017749294.0884,-1.1714706773525876,0.428608128691876,0.8244287349685365,-0.13334911995125143,0.21164050599410295,0.21164050599410295
1754017749304.246,-1.1854560140838364,0.45524315331118986,0.8256109896607637,-0.1370734467052468,0.20737705356866598,0.20737705356866598
1754017749327.8577,-1.2148861803305733,0.509178525791962,0.8278360576584457,-0.14433882406705806,0.19851308846375582,0.19851308846375582
1754017749347.2744,-1.2462411663023525,0.5632667531803174,0.8287795100686801,-0.15120563927591915,0.1894525525233976,0.1894525525233976
1754017749368.339,-1.2769328703372098,0.6141706007798078,0.8302217481008817,-0.15724196833671983,0.18060819702372954,0.18060819702372954
1754017749388.6377,-1.3057259591866048,0.6597462071784261,0.8324522260488261,-0.16226525370096995,0.17239425479873113,0.17239425479873113
1754017749408.9402,-1.3365300058814973,0.7008631385382662,0.8331514452728056,-0.16658948949824642,0.16498684934600144,0.16498684934600144
1754017749429.2424,-1.3683113388438315,0.7368691466229369,0.8314576742445241,-0.17019335181953787,0.15865499006714534,0.15865499006714534
1754017749449.5427,-1.3996160010930105,0.7692946055468369,0.828616629621808,-0.1732001671990156,0.15302579715441655,0.15302579715441655
1754017749469.8464,-1.4313606825771445,0.8009261147250785,0.8267448098113519,-0.1758303380828164,0.14737552023891484,0.14737552023891484
1754017749490.145,-1.4646020614195623,0.8307959272251039,0.8257823697218102,-0.17804289764879266,0.14190212246451556,0.14190212246451556
1754017749510.454,-1.4986252505733644,0.8566326715099557,0.8267204985850571,-0.17970243907224104,0.13693927274561843,0.13693927274561843
1754017749530.7603,-1.5300819357840645,0.8762038375529989,0.8285426481061485,-0.18074040641090305,0.1330399905451455,0.1330399905451455
1754017749551.0688,-1.5589943316669872,0.8918541825209284,0.8292275407083355,-0.1813840452361578,0.1299958725123032,0.1299958725123032
1754017749571.3743,-1.5866952467637139,0.9049831608875135,0.8278611859063582,-0.1817723359437622,0.12764635760428109,0.12764635760428109
1754017749591.6777,-1.6126003754393583,0.9164268314721901,0.8249011248649982,-0.18197456495493863,0.12578500652526217,0.12578500652526217
1754017749622.0847,-1.6486909104805605,0.9317856834733098,0.8154558495766278,-0.18208538537056487,0.12387105589630593,0.12387105589630593
1754017749642.3887,-1.6686928048650516,0.9389936727631188,0.8016083902436462,-0.1821479058321489,0.12398906731429875,0.12398906731429875
1754017749662.6943,-1.6859299013393387,0.9447488442826552,0.7800179120112856,-0.18228107035495,0.12522627657577967,0.12522627657577967
1754017749683.003,-1.702207419624491,0.9508861297628931,0.7539297972711964,-0.18242929886716222,0.12688250940608672,0.12688250940608672
1754017749703.309,-1.7159041726827158,0.9561667302783757,0.7217011438071732,-0.182603430765935,0.1293801855846675,0.1293801855846675
1754017749723.6116,-1.7269170939614518,0.960122717447254,0.6823967250790378,-0.18275809907036067,0.13291859780637497,0.13291859780637497
1754017749743.9233,-1.737047655145277,0.9637673660244349,0.6389543341997636,-0.182784467953385,0.13698159416311959,0.13698159416311959
1754017749764.2253,-1.7446716332868444,0.9654581343216464,0.5899113479713606,-0.18261440297614934,0.142046270132055,0.142046270132055
1754017749794.6838,-1.7497134988054641,0.9635596725337547,0.5156808941446404,-0.18188685304212343,0.15056721055894912,0.15056721055894912
1754017749814.9995,-1.7508352606735824,0.9620531101632243,0.4672550630556883,-0.1811425478332856,0.15614923489723248,0.15614923489723248
1754017749835.3083,-1.749207342607193,0.9618561922499457,0.41813073280692986,-0.1803110073455083,0.1615154274801892,0.1615154274801892
1754017749855.6096,-1.7433159663331925,0.9623630871818606,0.3676156676498358,-0.17939568831692027,0.16684446744170753,0.16684446744170753
1754017749875.9155,-1.7330636176999898,0.9614765751098887,0.3178387215617464,-0.17827888742564385,0.17229481457117293,0.17229481457117293
1754017749896.2195,-1.715404250516406,0.957378908234548,0.27085198636126456,-0.17694366016497334,0.17797901013280545,0.17797901013280545
1754017749916.5254,-1.6893017373542216,0.9523819019891727,0.22855497097442765,-0.17561062705427413,0.18325639157907686,0.18325639157907686
1754017749936.782,-1.6584313999950704,0.9484533266521458,0.18899436349478171,-0.17422652436768749,0.18796975901335608,0.18796975901335608
1754017749952.6523,-1.6217908983875289,0.9440097835788488,0.1498082334612011,-0.1725012430740598,0.1926518453560491,0.1926518453560491
1754017749972.9314,-1.5828269404648103,0.9387445175853019,0.11332117707462051,-0.17039776414011132,0.1971262932689384,0.1971262932689384
1754017749993.2292,-1.5411897669992278,0.9362051480955689,0.08103189369584735,-0.16836429841077927,0.20063062478229726,0.20063062478229726
1754017750023.6785,-1.4656956493374216,0.9341077545782149,0.040429497264606956,-0.1649797130855854,0.204745598561658,0.204745598561658
1754017750043.9329,-1.4061475773334804,0.9332228682510533,0.017910082877269043,-0.16217099303026208,0.2069315465578132,0.2069315465578132
1754017750064.233,-1.3428805363864433,0.9347909049832085,-0.0014946141553226966,-0.15903301378281726,0.20838706145876842,0.20838706145876842
1754017750087.7778,-1.2744136512663327,0.9380602100612655,-0.017302824295710194,-0.1553444830924069,0.20921674752636102,0.20921674752636102
1754017750108.0828,-1.2024795661802168,0.940708347174492,-0.029904062035450627,-0.15077080677320384,0.20986307661152906,0.20986307661152906
1754017750128.3865,-1.1310880812854653,0.9426153387927516,-0.040314477078613825,-0.14543558439716348,0.21043949452029717,0.21043949452029717
1754017750148.7,-1.0592285313346823,0.9432556041184177,-0.04766204673571767,-0.1393004935873047,0.21096299724183912,0.21096299724183912
1754017750169.003,-0.9917604153106313,0.9427508214253558,-0.052347900542137046,-0.13283946386519271,0.21144983770583758,0.21144983770583758
1754017750189.3018,-0.9286987543365375,0.9416755490023053,-0.05745432251316556,-0.12610073713951037,0.21206689328811013,0.21206689328811013
1754017750204.5603,-0.8669373939253162,0.9406974785900802,-0.0633082296454744,-0.11893481279231338,0.21272808908625496,0.21272808908625496
1754017750224.8584,-0.8086378313377738,0.9402503407491857,-0.06845671937059146,-0.11178307505503426,0.21323753642584553,0.21323753642584553
1754017750245.16,-0.7521998471913344,0.9402213583188964,-0.07262699604793625,-0.10453835426082124,0.21359273838979786,0.21359273838979786
1754017750265.4636,-0.6978049758861333,0.9377821881993065,-0.07666036035049996,-0.09701885985987337,0.2143380011580328,0.2143380011580328
1754017750285.7678,-0.6480669922957656,0.9326410678045034,-0.08078623810346443,-0.08965009049569733,0.2155367264505006,0.2155367264505006
1754017750306.0747,-0.6018218350740937,0.926489464931874,-0.08574419818215462,-0.08247572930703982,0.2169629083342781,0.2169629083342781
1754017750326.4023,-0.5596625042725013,0.9208878680520642,-0.09082241098775495,-0.07579155793136165,0.21829780677156663,0.21829780677156663
1754017750346.7039,-0.5184855872018478,0.9126139833171942,-0.09502616890427941,-0.06902177541316494,0.2199871347369432,0.2199871347369432
1754017750377.157,-0.4581808535162944,0.8867290860304072,-0.10172062686858303,-0.05819481578919701,0.2246731753783981,0.2246731753783981
1754017750397.4578,-0.4207985618599572,0.8611097256177566,-0.10732303651829714,-0.05094673770958909,0.22911814423725646,0.22911814423725646
1754017750417.7627,-0.3874354906064673,0.8319685633017642,-0.11239212090549622,-0.0442437204223205,0.2339408974304882,0.2339408974304882
1754017750438.0652,-0.35633896796982034,0.7964404497087764,-0.11789936519094453,-0.03768469896841349,0.2395773437520619,0.2395773437520619
1754017750458.3674,-0.32704344312777633,0.7521689139296156,-0.12538881878576222,-0.031096975606185774,0.24633313449754907,0.24633313449754907
1754017750478.6675,-0.3012545794883673,0.7052300958557224,-0.13357980648128714,-0.025098437979456118,0.2531149463781257,0.2531149463781257
1754017750498.9353,-0.2763513426608592,0.6546789825180276,-0.14082474393658262,-0.019348742478841906,0.2598552040422949,0.2598552040422949
1754017750519.257,-0.25208401485256415,0.6042602028650348,-0.1458342906074841,-0.014049090098494886,0.26597391438176726,0.26597391438176726
1754017750539.5542,-0.22905317610732295,0.5509736204534783,-0.1492591846029969,-0.009138714903402703,0.27182890437555673,0.27182890437555673
1754017750570.0142,-0.20306502944363855,0.46620640837246596,-0.15448395646772092,-0.0030799132841677276,0.28001128231593614,0.28001128231593614
1754017750590.3179,-0.18911508735916055,0.4064846233004673,-0.15755369295162058,0.00040962229372529593,0.28490433194707565,0.28490433194707565
1754017750610.619,-0.1761633892455121,0.3483163002940257,-0.15904571851970914,0.0034794862304480256,0.2889473277172748,0.2889473277172748
1754017750630.9292,-0.16536999003644448,0.29110878225636805,-0.15833314142011173,0.006095138046608894,0.2922313016902285,0.2922313016902285
1754017750651.2327,-0.15829121723066766,0.23451291663300777,-0.15745083525847767,0.008292215476850866,0.29484989529086447,0.29484989529086447
1754017750671.536,-0.15331372060051932,0.1810542832875652,-0.1577193275584257,0.010193054315863724,0.29674621301111037,0.29674621301111037
1754017750691.8464,-0.15028260376790925,0.12549581893988748,-0.15921378463021685,0.012028511200242318,0.29809590986301837,0.29809590986301837
1754017750712.1475,-0.14836263343744002,0.0689980896994513,-0.16051470040235585,0.013810108566525047,0.2988064687647576,0.2988064687647576
1754017750742.5984,-0.14455112889131425,-0.019774568745194145,-0.16024488758987285,0.016486550301218813,0.29861715819568585,0.29861715819568585
1754017750764.7488,-0.14084616328578073,-0.08057474972044296,-0.1593270697529414,0.018209152757966692,0.29758033070517853,0.29758033070517853
1754017750785.0574,-0.13706556074607443,-0.14507866063578131,-0.15934078373592803,0.019943438651634206,0.29563924010428416,0.29563924010428416
1754017750805.3691,-0.13368911342355336,-0.2091554008168579,-0.15999603156306308,0.021572881845653057,0.29285584803594344,0.29285584803594344
1754017750825.68,-0.13151269645294947,-0.27293373259187315,-0.1612726280409451,0.023151621997980924,0.2892382919224337,0.2892382919224337
1754017750845.993,-0.13029666853905186,-0.337029652250095,-0.16175293723110185,0.02470127865865942,0.2848296120827479,0.2848296120827479
1754017750866.2966,-0.12919533064532854,-0.4009544190954976,-0.16095541491028376,0.026170455153370617,0.2797220358282461,0.2797220358282461
1754017750886.6016,-0.1284196022348789,-0.4667516474597008,-0.15936016361854508,0.027631497463332086,0.2737335165283621,0.2737335165283621
1754017750917.0088,-0.12820915225091972,-0.566040123030543,-0.1568831757358039,0.029800177189445574,0.26327511601038756,0.26327511601038756
1754017750937.314,-0.12805131228423303,-0.6298758988858012,-0.15520279721932856,0.031114153358241137,0.25569261156692835,0.25569261156692835
1754017750957.6162,-0.1274813118340449,-0.6928997508647873,-0.1541694107179407,0.03230030591970755,0.2475256895671678,0.2475256895671678
1754017750977.9197,-0.12725232203632514,-0.7565511414986431,-0.1550726743735893,0.03348215373108484,0.23849999592595406,0.23849999592595406
1754017750998.225,-0.1274973548489974,-0.8158556497964866,-0.1572847087174713,0.03458728109879819,0.22943240587650493,0.22943240587650493
1754017751018.5288,-0.12702097078315747,-0.8723174818160034,-0.1590538551500187,0.035467653862998993,0.2203736317940803,0.2203736317940803
1754017751038.8374,-0.1259835101024159,-0.9252034490275979,-0.1601817450494219,0.03612902065649386,0.21156443620839505,0.21156443620839505
1754017751069.2996,-0.12459133694908282,-0.9967245607775264,-0.16273128049672764,0.036914067572337714,0.19902103494848333,0.19902103494848333
1754017751089.6096,-0.1220025602928486,-1.0414312468387543,-0.16335257136123105,0.037040093689594274,0.1909954711191043,0.1909954711191043
1754017751109.9229,-0.11816032194930451,-1.081523053476645,-0.16236412548567364,0.036827021549110474,0.18379260862656796,0.18379260862656796
1754017751130.2246,-0.11426852849180968,-1.1132001187177667,-0.15808287088292663,0.036452179950529504,0.1783692718207665,0.1783692718207665
1754017751145.867,-0.11056930595894733,-1.1382992428709588,-0.15097623150917672,0.03600646109172246,0.17441053645905497,0.17441053645905497
1754017751168.7056,-0.1052225589813098,-1.1589865326002249,-0.1400667376091121,0.03519564821054228,0.1716524117044056,0.1716524117044056
1754017751189.012,-0.09719159591519538,-1.1766476351660549,-0.12722960222858212,0.03385551971691505,0.16965335052368374,0.16965335052368374
1754017751219.4744,-0.07744070957203869,-1.1977642809958537,-0.10421493307163944,0.030374205191072676,0.16805722939976983,0.16805722939976983
1754017751239.7883,-0.06159832850372835,-1.2075816124796066,-0.08760089121361184,0.027522346029140252,0.16793495778842288,0.16793495778842288
1754017751260.1023,-0.04429795695329149,-1.2142841539033145,-0.06992835882015988,0.024384019794156057,0.16851686954503164,0.16851686954503164
1754017751280.4106,-0.025165023524920938,-1.2191658137365737,-0.05206518997992711,0.02090927472378641,0.16946226806993878,0.16946226806993878
1754017751300.7053,-0.00263948832657691,-1.2232389579232408,-0.03300794186193765,0.016827322284559274,0.170680896078889,0.170680896078889
1754017751321.008,0.021540314640862507,-1.227347402822184,-0.013774538038861965,0.012463278580191601,0.1719027891740586,0.1719027891740586
1754017751341.3066,0.04792110359891964,-1.2321389397675686,0.005522447054343887,0.007723159501812009,0.17299220497124,0.17299220497124
1754017751361.602,0.07638721494638952,-1.2363413839419926,0.025797589802234174,0.0026429480016635365,0.17428569587313655,0.17428569587313655
1754017751381.872,0.10373827509774616,-1.239067065309433,0.04496652382666674,-0.0021899847843405984,0.17573544511052513,0.17573544511052513
1754017751402.1707,0.13161731376688643,-1.2416318663822405,0.0616460310723066,-0.0070792360614692715,0.17695126439410896,0.17695126439410896
1754017751422.4717,0.15997055714881794,-1.2443757536928852,0.07702104628603143,-0.012013109719862178,0.1779927091878539,0.1779927091878539
1754017751442.7744,0.18598519271499928,-1.2458962040563186,0.09204006591981356,-0.016471301447216317,0.17922152013432974,0.17922152013432974
1754017751463.0762,0.20924452685277242,-1.246009171466467,0.10513212864905612,-0.02039167165332275,0.18051359550798543,0.18051359550798543
1754017751483.375,0.22964374830281697,-1.2466837737051488,0.1151038606518252,-0.023815030473379867,0.1813823519757347,0.1813823519757347
1754017751503.67,0.2474935679088687,-1.2482416991531597,0.12452574604089259,-0.026793792050995316,0.18202741154960062,0.18202741154960062
1754017751525.7788,0.26348781153152556,-1.24959881854343,0.13579629635156204,-0.029403543085022632,0.18288954054711612,0.18288954054711612
1754017751546.0813,0.2776648793422737,-1.2501387865574325,0.14825914653776898,-0.03164345567376167,0.1840159531812888,0.1840159531812888
1754017751566.3872,0.2897998938563908,-1.250814160092228,0.1594954251814476,-0.03353456073459702,0.18499048102484317,0.18499048102484317
1754017751586.6921,0.2996176200844792,-1.2510042134902324,0.16891323028678595,-0.03503334486899834,0.18587250289027013,0.18587250289027013
1754017751601.9233,0.30712782825205875,-1.2504917583009452,0.17688067321206574,-0.03613831660751312,0.18673953258366965,0.18673953258366965
1754017751622.221,0.3128853020740927,-1.2503146690410762,0.1846225809833742,-0.03695685901792994,0.18751932573017854,0.18751932573017854
1754017751642.518,0.31687399522583576,-1.2507305254326986,0.1928372454738802,-0.037486966983427725,0.1882321791911074,0.1882321791911074
1754017751672.9307,0.31819081063226307,-1.2513863388990596,0.20366560068402123,-0.03753759759666349,0.18914709617156222,0.18914709617156222
1754017751693.2295,0.31573766542007803,-1.2526219756245167,0.20854460875636743,-0.0370902410637828,0.18938543205823305,0.18938543205823305
1754017751713.5288,0.3070601889988966,-1.2535990414277915,0.21317464687487928,-0.035623046515432105,0.18964663056978787,0.18964663056978787
1754017751733.7886,0.2917702079716331,-1.2534860668433194,0.2185296761566644,-0.03302812976358299,0.1901747761766874,0.1901747761766874
1754017751754.0847,0.2683083003535589,-1.2527281589882264,0.22370350115680118,-0.02906984027134881,0.19080168683109397,0.19080168683109397
1754017751774.3845,0.23940232055993768,-1.2517691544325933,0.22844803336383965,-0.02419995454376497,0.19142281604371036,0.19142281604371036
1754017751795.8594,0.20791342025454404,-1.2506591615216953,0.23347767721638588,-0.018876630853342416,0.19209613863842817,0.19209613863842817
1754017751816.1719,0.17219141711883507,-1.2498790669855948,0.2385009469488243,-0.012836128632567029,0.19270690659023887,0.19270690659023887
1754017751836.4797,0.13156288859054874,-1.2490091909678995,0.24125891504427063,-0.0059707634818842205,0.19312125851784442,0.19312125851784442
1754017751856.7805,0.08940353544706688,-1.2478642924231769,0.24234019851573263,0.0011688340158588287,0.19342874424445253,0.19342874424445253
1754017751877.0837,0.04638818680071543,-1.2476271229879674,0.2440974921815018,0.008468470394529908,0.19363477088660197,0.19363477088660197
1754017751897.3835,0.005821074450629374,-1.2485536131296804,0.24766803172049442,0.015360989424248815,0.19379866452627886,0.19379866452627886
1754017751917.6829,-0.034613015506595755,-1.2487209715080065,0.2510686999320121,0.022225218286795658,0.19408323954458062,0.19408323954458062
1754017751937.9968,-0.07737118275004894,-1.2482972331023339,0.2554618416681274,0.029453574779076477,0.19456510109701464,0.19456510109701464
1754017751954.584,-0.11962656928428794,-1.248073004715466,0.26161944586404146,0.03654191011481793,0.19517177459031798,0.19517177459031798
1754017751974.8562,-0.16330148139448417,-1.2477723800003764,0.269906907618301,0.04377992619451836,0.1959841774335357,0.1959841774335357
1754017752005.3042,-0.23184624594013786,-1.2500616589337674,0.280243745041741,0.05504688166370499,0.1965156863813097,0.1965156863813097
1754017752025.5999,-0.27567860481359946,-1.2535838800941597,0.2848795830222523,0.062228341597465514,0.19630715844727797,0.19630715844727797
1754017752045.8555,-0.3156392228578622,-1.2556157811541617,0.29090605107916995,0.06863637983213583,0.19649014524411135,0.19649014524411135
1754017752066.1614,-0.35380181659033627,-1.2562501233780852,0.2980363281119796,0.0745934618450651,0.1970205024259696,0.1970205024259696
1754017752086.4583,-0.3901473092515158,-1.2565378411081818,0.30489671903641374,0.08015097353682252,0.19758558699233764,0.19758558699233764
1754017752106.7705,-0.4266150174284353,-1.255747494862709,0.3135726269527982,0.08552284569579507,0.198500693226851,0.198500693226851
1754017752127.0667,-0.4632748043998768,-1.253750717576189,0.325674123521407,0.09063183028019933,0.1999248945261847,0.1999248945261847
1754017752151.7031,-0.49906624870037797,-1.2508600309516305,0.33911515888750504,0.09535511444837802,0.2016088819339434,0.2016088819339434
1754017752166.9304,-0.5364116279366634,-1.2449009832452407,0.3541610525575015,0.09988516128729885,0.20394425082862166,0.20394425082862166
1754017752187.2415,-0.5761210696638639,-1.2336957695185038,0.3708911050156054,0.10410905481078833,0.20728661018466366,0.20728661018466366
1754017752207.5525,-0.6145107251283428,-1.2201451568629162,0.38762924293225354,0.1076634605683878,0.21096294194460302,0.21096294194460302
1754017752227.8755,-0.6529018223279068,-1.2002917813710645,0.40669057213501997,0.11028714687346684,0.21578437122613836,0.21578437122613836
1754017752248.186,-0.6899094594596413,-1.1749999687610035,0.4270799523226143,0.11177845676482967,0.22144051682606203,0.22144051682606203
1754017752268.4954,-0.727448738961655,-1.1444462240887598,0.4479348163859992,0.11229823556912744,0.2277424882961334,0.2277424882961334
1754017752288.7832,-0.7635220576630942,-1.111486710105087,0.46929103001175815,0.11177298398820466,0.23416383552378853,0.23416383552378853
1754017752319.256,-0.815277010710302,-1.058738090649043,0.5054454669941448,0.10891055533848329,0.24389196482029635,0.24389196482029635
1754017752339.568,-0.8511737725033647,-1.022630467460916,0.5309045786923936,0.10605197159430724,0.25007513161630696,0.25007513161630696
1754017752364.9336,-0.8879063272078274,-0.9859815099871206,0.5562049460693642,0.1024797852024405,0.25587197278820595,0.25587197278820595
1754017752385.247,-0.9224418986689066,-0.9477397744411834,0.5804839757992161,0.09792232835927106,0.2613396442708239,0.2613396442708239
1754017752405.561,-0.9546394083422071,-0.908136488823775,0.6037097081749313,0.09246335104953599,0.26641652660209525,0.26641652660209525
1754017752425.8618,-0.9872120159949993,-0.8649432534643829,0.6275400590906055,0.08582318517342766,0.27132208005993075,0.27132208005993075
1754017752446.1719,-1.0167723274323908,-0.8193776575617552,0.651916654488639,0.07800958655647361,0.27582057761131457,0.27582057761131457
1754017752456.3252,-1.0291232724861146,-0.7971777521124765,0.6635697014297413,0.07393668666724952,0.2777625908010687,0.2777625908010687
1754017752471.5598,-1.0505808188500343,-0.7502433347760028,0.6864458925716411,0.06497958460037456,0.2813224939327595,0.2813224939327595
1754017752491.859,-1.0700907330922427,-0.7042653753499305,0.7072018439172892,0.05593922178257132,0.28412680315485883,0.28412680315485883
1754017752512.1682,-1.0861613807804036,-0.6578840495861871,0.7272461627048423,0.04651941009325112,0.2862952198181683,0.2862952198181683
1754017752532.4785,-1.0972005655888875,-0.6131037925809054,0.7474147020862468,0.03706236124824064,0.28774959185958,0.28774959185958
1754017752552.7866,-1.1053976314695748,-0.5660504096181714,0.7708028514162635,0.026739846749462136,0.288551225074269,0.288551225074269
1754017752573.1003,-1.111909264021119,-0.5183933917358606,0.7942449281869898,0.016232181493634354,0.28863048949849607,0.28863048949849607
1754017752603.5657,-1.1176620633842862,-0.450339153201729,0.823149244465637,0.0016603918749147697,0.28765359835853527,0.28765359835853527
1754017752623.8591,-1.120994060302731,-0.4053060193135779,0.8409510705894203,-0.007798096889191867,0.28630617874988806,0.28630617874988806
1754017752644.1692,-1.1257873729090648,-0.3575956071331575,0.8599586311070856,-0.0177585958004664,0.28423728592681674,0.28423728592681674
1754017752664.4785,-1.1313222011454165,-0.3102869935252997,0.8790387810439134,-0.027551695414509123,0.2815380020042913,0.2815380020042913
1754017752684.7854,-1.1357821409601678,-0.2648270331993216,0.8977822041553145,-0.03683627526666571,0.2783331153910039,0.2783331153910039
1754017752705.0952,-1.1389525421329445,-0.21912708609445375,0.9148854946852987,-0.0458216674429844,0.2746668088275258,0.2746668088275258
1754017752725.4053,-1.1418812684616393,-0.17451794669333537,0.9289425724885592,-0.05419597348691088,0.2707722243504959,0.2707722243504959
1754017752745.7927,-1.1460221370965693,-0.12826956743164422,0.9414136720370587,-0.0625565020615849,0.2664090500334804,0.2664090500334804
1754017752766.0967,-1.1524945622877594,-0.07953910658213821,0.9522498077162472,-0.07105902050814086,0.2615007930598686,0.2615007930598686
1754017752786.399,-1.1599247060217897,-0.03055935552806016,0.9604846443524608,-0.07924416965751319,0.25631799248489895,0.25631799248489895
1754017752806.7053,-1.1672463016211763,0.021133214720158548,0.9674938828177495,-0.08751059428970769,0.25051892448799173,0.25051892448799173
1754017752827.0078,-1.173514224378732,0.07448766976786021,0.974459644976465,-0.0956788131863977,0.24407226677244426,0.24407226677244426
1754017752847.3086,-1.179033391889524,0.12449966246710374,0.9804070310359849,-0.10299306069695505,0.23765951210219574,0.23765951210219574
1754017752867.6084,-1.1851794336551797,0.17523145264983056,0.9852244137441958,-0.11007548217938443,0.2308788542248818,0.2308788542248818
1754017752887.9243,-1.191693617227116,0.22598698010206242,0.9890134868078616,-0.11681852252503794,0.22382688689066482,0.22382688689066482
1754017752908.2227,-1.1973889849408634,0.27749953301730007,0.9916532096554871,-0.12323556716921863,0.2164395321773495,0.2164395321773495
1754017752925.711,-1.2028050842449158,0.3284709792568216,0.9936896789250769,-0.12920991252988798,0.2088629188094873,0.2088629188094873
1754017752946.0117,-1.2098915672576165,0.3790517289777038,0.9956669391304018,-0.13487662573955406,0.20104897879955047,0.20104897879955047
1754017752966.3115,-1.219913492929463,0.43089871081745584,0.9975849393006737,-0.14045563791205068,0.19276330573302444,0.19276330573302444
1754017752986.609,-1.2311495743205554,0.4796063504130515,0.9991385194385937,-0.14543006667466862,0.18476192649967954,0.18476192649967954
1754017753006.9106,-1.2432294955040775,0.5243312261579849,0.9999448916303681,-0.14976703739746983,0.17729195235089643,0.17729195235089643
1754017753037.3606,-1.2639392472731183,0.5858340877717005,0.9977603698000403,-0.15542761205911998,0.16711319326234853,0.16711319326234853
1754017753057.664,-1.2799585823706068,0.623810762001456,0.9962972351914705,-0.1587844837153629,0.1607003723985659,0.1607003723985659
1754017753077.9353,-1.2977280814783836,0.6600458553269949,0.9968298014943047,-0.1618548048718344,0.15428020359062494,0.15428020359062494
1754017753098.2349,-1.3181485794392371,0.6963458646695315,0.9985268578154349,-0.16476834234716486,0.1476428183592105,0.1476428183592105
1754017753118.5352,-1.3408211062262017,0.7307468605495153,0.9985905930477217,-0.16741678343405064,0.1414568945392387,0.1414568945392387
1754017753138.8506,-1.36413095247096,0.7624672581962533,0.9969245132500982,-0.16972798812939427,0.13588971692313317,0.13588971692313317
1754017753159.151,-1.3868283812269087,0.7940155665990738,0.9943093109981885,-0.17177740501005412,0.13041196906181535,0.13041196906181535
1754017753179.4524,-1.4060975986735706,0.8251269834100041,0.9921909971741416,-0.173450745998182,0.12492196354262866,0.12492196354262866
1754017753189.6003,-1.414422601643063,0.8394800585546889,0.9912879265438901,-0.17412859193481264,0.12236982684463843,0.12236982684463843
1754017753209.857,-1.4279834960767905,0.8650591146311241,0.9910545561539889,-0.17514544785809827,0.11766047186671479,0.11766047186671479
1754017753230.1565,-1.4380835204137659,0.8860994493016991,0.9925832314739446,-0.17578690909705624,0.11359437817140416,0.11359437817140416
1754017753247.704,-1.446962671827514,0.9065931123149444,0.9950871360989432,-0.176252088061586,0.10952217083644769,0.10952217083644769
1754017753268.004,-1.4554579636474723,0.9278339685030219,0.9971152988451921,-0.17663225046569467,0.10535734457212481,0.10535734457212481
1754017753288.3,-1.4618737288877732,0.9488232531662796,0.9987581106696537,-0.17688132395160938,0.10127724309832747,0.10127724309832747
1754017753308.6045,-1.4653018984237294,0.9662767726860806,0.9987779078596392,-0.17703739422157672,0.09802093833321598,0.09802093833321598
1754017753339.014,-1.46799020241272,0.9876291550120553,0.9956846435101387,-0.17725935182992292,0.09434981787946056,0.09434981787946056
1754017753359.3113,-1.4682782021600091,1.0002085473374236,0.9933050165088215,-0.1773582504587246,0.09224030776135858,0.09224030776135858
1754017753379.6091,-1.4665101710796935,1.0141582463275414,0.9910497985407971,-0.1773856057329859,0.08986023077004679,0.08986023077004679
1754017753399.9155,-1.4617968469108888,1.0285990951631263,0.9881156040728419,-0.17735644884108448,0.08745394995405524,0.08745394995405524
1754017753420.2117,-1.4509279241560997,1.041152980716384,0.9828459291461762,-0.17729589595733006,0.08562908576808358,0.08562908576808358
1754017753440.5083,-1.4333392728230157,1.0508932290163058,0.9750177741610415,-0.17718489212330044,0.08457993201999317,0.08457993201999317
1754017753460.7898,-1.4125882048974523,1.060639225798182,0.9663264244793895,-0.17695538606207145,0.08361146054008473,0.08361146054008473
1754017753481.0898,-1.3884261859626763,1.0716750758450913,0.9566194676895995,-0.17655238437998844,0.0824972567370707,0.0824972567370707
1754017753501.9417,-1.3603842859891622,1.0831131085393526,0.9460559670632225,-0.17590797042354261,0.08138741684782941,0.08138741684782941
1754017753522.242,-1.3294556639978954,1.0934727124615915,0.9352393929561519,-0.17499200200936615,0.08050144737344547,0.08050144737344547
1754017753542.544,-1.2934195414257519,1.1016259921951514,0.9233815780478293,-0.17369124932465008,0.0801320023466981,0.0801320023466981
1754017753574.8552,-1.2271064433299563,1.1089753230064434,0.906351921460917,-0.17049121370607523,0.08042657356975177,0.08042657356975177
1754017753595.167,-1.1763663969873654,1.1120411117453974,0.8963439029911641,-0.16735083558399613,0.0808394688887127,0.0808394688887127
1754017753615.468,-1.1273198935891195,1.114417300874396,0.8869491290288325,-0.1638334830776002,0.08132453109371957,0.08132453109371957
1754017753635.7769,-1.0796451599757926,1.115651815682869,0.8770792235196387,-0.16001275230092726,0.08207759826784151,0.08207759826784151
1754017753656.078,-1.0350014220654438,1.1156283750708806,0.8661238184915786,-0.15611828537041197,0.08318448856337271,0.08318448856337271
1754017753676.3823,-0.9908347508555807,1.1144907907909376,0.851260573129632,-0.15204198909171804,0.08490730817914954,0.08490730817914954
1754017753691.612,-0.9482762341495072,1.1134622477746294,0.8331867743252432,-0.14787127434779024,0.08694824734026602,0.08694824734026602
1754017753711.9124,-0.9088471005419236,1.1133312262896085,0.8153715025611027,-0.1437063985856402,0.08880328002838611,0.08880328002838611
1754017753732.2112,-0.8715338882236384,1.114914894935263,0.7983871758144826,-0.13947558642713045,0.0902511504911178,0.0902511504911178
1754017753752.5078,-0.8375170040048265,1.1175542633659301,0.7818725020580805,-0.1354081798700762,0.09145288654687535,0.09145288654687535
1754017753782.9377,-0.7920094511436996,1.120466842970997,0.7517781721983035,-0.12981143232452852,0.09403142220042468,0.09403142220042468
1754017753803.238,-0.7647595361455429,1.1195166472020919,0.7291570915989287,-0.1263483600815381,0.09660307859637252,0.09660307859637252
1754017753824.704,-0.742372945731677,1.1182114898815076,0.7064945502020017,-0.12344680861125264,0.0992659107803182,0.0992659107803182
1754017753845.005,-0.7253684537460687,1.117927810643059,0.682600552101214,-0.12126912457491848,0.10187419699546094,0.10187419699546094
1754017753865.3013,-0.7130143496960148,1.1157464350235948,0.6542736633987476,-0.11977315598250218,0.1053517116810591,0.1053517116810591
1754017753885.602,-0.7024373845264863,1.1048403421432038,0.6225934478618905,-0.11841050533135337,0.1109508431131263,0.1109508431131263
